Date,Average Temperature,Minimum Temperature,Maximum Temperature,Total Precipitation,wdir,Average Wind Speed,Sea-Level Air Pressure
2021-01-02,22.9,19.1,29.0,7.5,80.0,8.5,1014.7
2021-01-03,21.8,18.0,28.0,25.9,77.0,9.2,1014.0
2021-01-04,21.4,17.9,27.0,7.9,70.0,8.8,1015.8
2021-01-05,23.8,18.5,32.0,2.7,82.0,7.9,1016.7
2021-01-06,23.5,19.3,32.0,2.8,100.0,8.6,1015.8
2021-01-07,24.8,20.4,33.0,15.4,177.0,7.6,1015.1
2021-01-08,24.5,20.0,32.0,2.3,196.0,6.5,1014.4
2021-01-09,23.4,20.0,31.0,7.7,95.0,5.7,1013.7
2021-01-10,23.6,19.8,31.0,4.9,74.0,9.0,1014.7
2021-01-11,24.7,20.1,33.0,2.6,75.0,8.5,1014.9
2021-01-12,24.7,20.3,33.0,3.9,79.0,9.5,1015.4
2021-01-13,24.3,20.2,31.0,0.4,95.0,12.5,1015.5
2021-01-14,23.5,18.4,31.0,0.2,91.0,13.9,1015.5
2021-01-15,22.5,17.8,30.0,1.9,91.0,14.3,1015.8
2021-01-16,22.4,18.8,27.0,1.0,88.0,13.2,1016.1
2021-01-17,23.1,17.8,29.0,0.1,84.0,15.1,1015.7
2021-01-18,23.5,18.5,31.0,0.0,84.0,10.2,1015.7
2021-01-19,23.6,17.3,31.0,0.0,101.0,11.8,1016.0
2021-01-20,23.9,17.7,31.0,0.0,97.0,14.2,1016.5
2021-01-21,23.2,17.4,31.0,0.0,97.0,15.6,1017.5
2021-01-22,23.4,17.6,29.0,0.0,98.0,15.9,1020.1
2021-01-23,22.7,17.9,29.0,0.0,91.0,16.0,1019.8
2021-01-24,23.3,17.1,30.0,0.5,100.0,12.3,1017.6
2021-01-25,24.0,17.6,30.0,0.1,88.0,14.2,1016.4
2021-01-26,24.5,18.8,31.0,0.0,84.0,15.4,1016.2
2021-01-27,24.2,17.9,32.0,0.0,82.0,14.6,1016.4
2021-01-28,25.1,18.2,32.0,0.0,85.0,10.8,1015.2
2021-01-29,25.3,18.7,33.0,0.0,85.0,13.7,1015.6
2021-01-30,26.0,19.7,32.0,0.1,91.0,14.2,1017.0
2021-01-31,25.2,18.6,32.0,0.0,90.0,13.7,1016.2
2021-02-01,24.7,19.4,30.0,0.0,90.0,13.5,1015.2
2021-02-02,25.4,20.6,32.0,0.8,86.0,10.2,1015.9
2021-02-03,25.6,19.6,32.0,0.2,91.0,12.6,1016.2
2021-02-04,26.0,19.6,33.0,0.6,47.0,10.0,1014.6
2021-02-05,22.5,20.9,27.0,26.8,14.0,6.2,1011.7
2021-02-06,21.3,19.6,24.0,65.6,2.0,9.8,1013.0
2021-02-07,19.7,18.0,23.0,26.3,87.0,8.6,1013.4
2021-02-08,20.4,17.0,25.4,4.4,95.0,9.1,1013.7
2021-02-09,21.0,16.9,28.0,3.1,83.0,11.0,1015.0
2021-02-10,22.3,17.3,29.0,6.7,81.0,12.5,1016.0
2021-02-11,22.6,18.0,30.0,11.4,83.0,12.0,1016.7
2021-02-12,21.5,18.9,27.0,6.4,77.0,10.6,1016.7
2021-02-13,22.4,18.3,27.0,1.5,70.0,9.0,1016.0
2021-02-14,22.0,19.0,28.0,7.3,62.0,6.9,1014.1
2021-02-15,23.0,19.5,30.0,13.2,333.0,5.6,1013.1
2021-02-16,23.3,18.5,32.0,4.2,359.0,6.6,1011.8
2021-02-17,22.7,18.8,29.0,5.1,53.0,6.9,1011.6
2021-02-18,21.7,19.1,28.0,28.2,357.0,8.5,1012.0
2021-02-19,22.2,19.5,29.0,32.3,15.0,8.4,1013.3
2021-02-20,22.7,19.2,30.0,11.8,64.0,7.4,1015.8
2021-02-21,22.7,18.9,31.0,11.5,55.0,11.9,1017.0
2021-02-22,22.8,17.0,30.0,9.8,80.0,7.0,1017.0
2021-02-23,22.6,17.0,31.0,0.9,92.0,8.4,1016.7
2021-02-24,23.6,18.1,31.0,0.3,112.0,6.4,1015.8
2021-02-25,23.6,18.1,32.0,0.0,87.0,8.9,1014.5
2021-02-26,21.4,18.8,26.0,6.2,90.0,14.0,1014.4
2021-02-27,21.1,18.4,25.0,0.7,90.0,12.4,1016.8
2021-02-28,21.1,18.0,25.0,0.2,91.0,15.4,1016.8
2021-03-01,21.6,17.6,28.0,0.1,92.0,16.7,1015.6
2021-03-02,21.4,17.8,26.0,0.0,88.0,15.4,1017.5
2021-03-03,22.7,17.3,30.0,0.0,79.0,11.2,1019.0
2021-03-04,22.9,17.1,32.0,0.0,75.0,8.9,1017.2
2021-03-05,24.1,17.5,31.0,0.0,329.0,9.6,1014.4
2021-03-06,23.5,19.9,30.0,2.1,294.0,8.7,1014.0
2021-03-07,22.1,19.0,26.0,5.3,286.0,7.7,1015.5
2021-03-08,22.4,19.0,29.0,16.7,319.0,6.7,1015.1
2021-03-09,21.2,18.5,27.0,9.4,355.0,5.0,1014.1
2021-03-10,20.8,17.8,27.0,6.4,27.0,6.9,1013.6
2021-03-11,22.8,18.6,29.0,5.1,11.0,5.0,1015.6
2021-03-12,23.2,18.3,31.0,7.6,87.0,6.2,1016.3
2021-03-13,23.9,19.1,31.0,0.7,87.0,12.3,1017.2
2021-03-14,22.4,17.8,29.0,0.0,98.0,13.2,1018.4
2021-03-15,22.3,16.4,29.0,0.0,99.0,11.2,1017.3
2021-03-16,22.6,17.0,31.0,0.0,95.0,11.3,1016.0
2021-03-17,23.0,16.8,32.0,0.0,86.0,10.1,1015.2
2021-03-18,23.2,17.5,31.0,0.0,84.0,10.5,1014.9
2021-03-19,23.2,18.4,29.0,0.3,91.0,14.5,1016.6
2021-03-20,22.6,18.0,29.0,0.2,92.0,15.0,1019.7
2021-03-21,22.4,17.6,28.0,0.0,95.0,13.8,1020.6
2021-03-22,23.3,17.7,30.0,0.1,90.0,9.7,1017.9
2021-03-23,24.4,18.4,31.0,0.0,102.0,7.9,1016.9
2021-03-24,24.5,18.7,32.0,0.0,90.0,8.6,1017.0
2021-03-25,24.5,18.7,32.0,0.2,99.0,9.9,1017.5
2021-03-26,24.3,19.0,31.0,0.1,87.0,9.7,1017.2
2021-03-27,25.0,18.9,32.0,0.0,111.0,6.9,1015.1
2021-03-28,25.2,19.9,33.0,0.2,104.0,7.5,1013.9
2021-03-29,23.8,20.0,32.0,0.2,106.0,7.9,1013.5
2021-03-30,24.5,19.4,32.0,3.3,139.0,6.6,1012.1
2021-03-31,23.0,18.6,31.0,4.3,295.0,8.1,1010.3
2021-04-01,22.8,17.0,31.0,0.5,173.0,8.5,1010.9
2021-04-02,22.8,17.2,30.0,0.3,106.0,11.0,1015.0
2021-04-03,22.9,18.2,30.0,7.2,89.0,10.0,1016.8
2021-04-04,22.2,18.5,29.0,3.2,91.0,8.9,1016.6
2021-04-05,20.9,16.4,27.0,0.0,109.0,13.0,1017.4
2021-04-06,21.2,15.7,28.0,0.0,102.0,12.0,1017.0
2021-04-07,20.8,17.4,27.0,2.8,104.0,13.0,1018.6
2021-04-08,19.7,15.5,25.0,0.0,109.0,16.2,1021.7
2021-04-09,19.8,15.5,26.0,0.0,103.0,14.7,1022.1
2021-04-10,20.5,14.3,27.0,0.0,90.0,11.1,1019.5
2021-04-11,21.4,15.1,29.0,0.0,94.0,6.1,1017.7
2021-04-12,22.1,15.7,30.0,0.0,218.0,7.5,1017.2
2021-04-13,22.4,16.7,31.0,0.0,117.0,10.3,1018.3
2021-04-14,21.3,16.5,28.0,0.0,130.0,10.7,1018.8
2021-04-15,20.1,14.4,27.0,0.0,117.0,13.0,1019.4
2021-04-16,19.7,14.1,26.0,0.0,102.0,13.1,1018.4
2021-04-17,20.6,15.1,28.0,0.0,90.0,11.7,1017.3
2021-04-18,21.6,15.5,28.0,0.1,69.0,8.3,1015.5
2021-04-19,22.4,17.1,30.0,0.9,26.0,8.2,1015.2
2021-04-20,21.9,15.9,29.0,0.0,155.0,8.9,1015.3
2021-04-21,21.6,14.4,29.0,0.0,183.0,8.9,1015.7
2021-04-22,21.8,14.3,29.0,0.0,129.0,9.5,1015.9
2021-04-23,22.0,14.9,30.0,0.0,90.0,9.6,1016.4
2021-04-24,22.9,17.3,29.0,0.0,86.0,9.2,1015.6
2021-04-25,23.4,16.8,30.0,0.0,172.0,6.3,1014.6
2021-04-26,23.6,17.8,31.0,0.0,59.0,7.8,1014.7
2021-04-27,21.5,18.6,25.0,4.9,88.0,8.2,1016.0
2021-04-28,21.6,17.1,29.0,1.8,116.0,9.1,1017.1
2021-04-29,20.9,16.6,28.0,0.6,108.0,12.9,1019.7
2021-04-30,19.6,14.6,26.0,0.0,118.0,16.7,1022.1
2021-05-01,18.7,14.2,25.0,0.0,112.0,13.4,1022.2
2021-05-02,18.6,14.5,24.0,0.0,117.0,11.1,1021.8
2021-05-03,19.5,13.4,27.0,0.0,99.0,10.9,1020.2
2021-05-04,19.8,14.6,26.0,0.0,98.0,10.9,1020.2
2021-05-05,21.4,15.0,29.0,0.0,68.0,6.2,1019.4
2021-05-06,21.9,15.8,29.0,0.0,69.0,7.6,1018.1
2021-05-07,22.4,16.8,29.0,0.0,168.0,9.0,1018.5
2021-05-08,20.2,15.3,26.0,1.5,121.0,17.6,1022.9
2021-05-09,19.4,14.0,26.0,0.0,107.0,15.1,1023.4
2021-05-10,18.6,12.8,25.0,0.0,108.0,11.8,1022.4
2021-05-11,19.1,12.5,27.0,0.0,83.0,7.1,1019.4
2021-05-12,19.6,13.0,27.0,0.0,58.0,5.8,1018.4
2021-05-13,19.7,14.8,27.0,0.0,107.0,9.3,1019.1
2021-05-14,19.0,14.1,25.0,0.0,106.0,13.4,1020.6
2021-05-15,18.4,14.1,25.0,0.0,100.0,9.9,1020.4
2021-05-16,19.2,14.0,26.0,0.3,90.0,11.0,1020.1
2021-05-17,19.9,14.9,27.0,0.2,105.0,8.4,1019.2
2021-05-18,19.9,15.3,26.0,0.0,238.0,6.2,1017.9
2021-05-19,20.5,14.8,28.0,0.0,101.0,6.8,1017.6
2021-05-20,20.6,13.7,28.0,0.0,141.0,7.1,1017.4
2021-05-21,21.1,14.3,29.0,0.0,116.0,8.2,1016.8
2021-05-22,22.8,16.0,31.0,0.0,55.0,8.0,1016.4
2021-05-23,22.7,18.7,28.0,0.0,294.0,6.9,1016.2
2021-05-24,21.9,17.8,29.0,0.0,255.0,10.4,1017.5
2021-05-25,21.6,15.2,29.0,0.0,109.0,9.0,1019.5
2021-05-26,21.7,17.1,29.0,1.4,80.0,10.3,1019.7
2021-05-27,21.9,16.4,30.0,0.7,130.0,6.8,1017.9
2021-05-28,22.0,17.2,29.0,0.1,92.0,11.6,1017.5
2021-05-29,22.8,17.2,30.0,0.2,70.0,8.0,1017.7
2021-05-30,23.1,18.2,29.0,0.2,84.0,6.5,1018.8
2021-05-31,21.6,17.8,26.0,0.0,102.0,11.4,1019.2
2021-06-01,20.2,17.0,26.0,2.2,106.0,8.2,1018.2
2021-06-02,20.7,15.7,27.0,0.2,98.0,10.1,1019.2
2021-06-03,21.2,16.0,28.0,0.3,107.0,8.3,1021.3
2021-06-04,20.4,15.7,27.0,0.0,112.0,14.7,1022.7
2021-06-05,19.2,14.0,26.0,0.0,99.0,15.7,1022.8
2021-06-06,19.7,15.6,25.0,0.2,106.0,11.6,1020.8
2021-06-07,20.8,15.0,28.0,0.1,96.0,10.0,1019.0
2021-06-08,20.8,15.2,28.0,0.4,108.0,8.7,1018.4
2021-06-09,20.6,15.9,27.0,0.2,104.0,12.4,1019.4
2021-06-10,19.5,15.2,26.0,0.0,105.0,11.5,1019.8
2021-06-11,20.1,14.8,26.0,3.1,154.0,8.4,1017.9
2021-06-12,20.0,15.1,26.0,2.1,133.0,6.4,1018.4
2021-06-13,17.7,12.0,25.0,0.0,123.0,11.7,1021.0
2021-06-14,16.6,11.1,24.0,0.0,111.0,10.6,1022.0
2021-06-15,17.7,11.1,25.0,0.0,116.0,6.7,1020.0
2021-06-16,19.2,14.1,27.0,0.0,110.0,6.1,1017.7
2021-06-17,18.8,13.4,26.0,0.0,146.0,10.5,1019.8
2021-06-18,18.1,12.3,25.0,0.0,101.0,11.6,1022.4
2021-06-19,17.4,12.9,24.0,0.0,92.0,15.0,1023.4
2021-06-20,19.0,12.4,27.0,0.0,21.0,10.7,1020.6
2021-06-21,20.4,14.7,28.0,0.0,232.0,7.0,1020.0
2021-06-22,20.5,14.8,28.0,0.0,142.0,7.8,1020.4
2021-06-23,18.3,14.0,24.0,0.0,130.0,11.2,1022.2
2021-06-24,18.0,11.6,26.0,0.0,111.0,11.7,1021.3
2021-06-25,19.3,12.9,27.0,0.0,105.0,7.2,1020.1
2021-06-26,18.3,13.3,25.0,0.0,97.0,12.5,1020.8
2021-06-27,17.1,11.9,24.0,0.0,98.0,11.4,1021.3
2021-06-28,17.3,11.0,25.0,0.0,102.0,9.2,1021.9
2021-06-29,18.1,11.2,26.0,0.0,117.0,8.3,1021.2
2021-06-30,18.5,12.9,25.0,0.0,194.0,8.0,1020.9
2021-07-01,16.5,11.2,23.0,0.0,115.0,15.1,1024.6
2021-07-02,16.0,11.4,21.0,0.0,110.0,11.9,1026.2
2021-07-03,16.5,10.8,23.0,0.0,105.0,6.7,1024.3
2021-07-04,16.6,10.7,23.0,0.0,113.0,10.4,1023.7
2021-07-05,16.0,10.3,23.0,0.0,118.0,10.7,1024.6
2021-07-06,16.3,10.7,24.0,0.0,117.0,11.0,1023.2
2021-07-07,16.6,10.5,23.0,0.0,120.0,11.1,1021.9
2021-07-08,17.2,11.3,24.0,0.0,120.0,10.0,1021.2
2021-07-09,17.7,11.8,25.0,0.0,108.0,9.7,1021.4
2021-07-10,17.3,11.4,25.0,0.0,101.0,8.0,1021.7
2021-07-11,18.0,11.9,25.0,0.0,98.0,8.8,1021.8
2021-07-12,18.0,12.4,25.0,0.0,111.0,11.9,1023.2
2021-07-13,17.8,12.3,24.0,0.0,96.0,11.7,1024.0
2021-07-14,18.6,12.9,26.0,0.0,81.0,10.7,1022.7
2021-07-15,19.4,13.1,26.0,0.0,97.0,8.0,1020.6
2021-07-16,20.4,13.3,28.0,0.0,92.0,6.6,1018.6
2021-07-17,21.4,15.1,29.0,0.0,108.0,8.1,1018.7
2021-07-18,22.4,16.1,31.0,0.0,139.0,9.4,1018.9
2021-07-19,20.6,14.7,28.0,0.0,231.0,11.2,1019.8
2021-07-20,17.0,9.2,25.0,0.0,123.0,12.8,1022.4
2021-07-21,18.7,11.8,27.0,0.0,98.0,12.1,1024.5
2021-07-22,18.3,13.4,24.0,0.0,101.0,15.9,1026.7
2021-07-23,16.9,11.3,24.0,0.0,103.0,14.4,1026.5
2021-07-24,16.7,10.8,24.0,0.0,90.0,14.6,1025.1
2021-07-25,16.9,11.0,24.0,0.0,94.0,12.5,1023.5
2021-07-26,17.8,11.4,25.0,0.0,81.0,10.2,1022.1
2021-07-27,19.1,12.0,28.0,0.0,55.0,8.5,1019.2
2021-07-28,21.7,15.5,29.0,0.0,307.0,11.9,1016.4
2021-07-29,17.0,12.4,23.0,0.0,235.0,13.2,1020.0
2021-07-30,15.4,8.1,24.0,0.0,110.0,11.6,1023.6
2021-07-31,14.9,9.4,21.0,0.0,107.0,17.8,1027.2
2021-08-01,15.2,10.0,21.0,0.0,94.0,16.2,1028.5
2021-08-02,16.6,10.2,25.0,0.0,93.0,12.9,1026.0
2021-08-03,18.9,11.8,27.0,0.1,105.0,11.9,1023.0
2021-08-04,17.5,13.0,23.0,0.0,113.0,17.9,1025.6
2021-08-05,17.3,11.7,23.0,0.0,108.0,16.0,1027.8
2021-08-06,17.7,13.7,23.0,0.0,96.0,17.5,1028.1
2021-08-07,16.8,12.7,22.0,0.0,90.0,17.9,1026.4
2021-08-08,17.3,12.7,24.0,0.0,90.0,15.1,1024.8
2021-08-09,18.8,12.5,26.0,0.0,87.0,12.2,1024.1
2021-08-10,20.2,13.0,28.0,0.0,101.0,9.0,1021.7
2021-08-11,22.0,14.4,30.0,0.0,118.0,8.6,1019.6
2021-08-12,20.1,14.1,25.0,0.0,106.0,16.0,1021.1
2021-08-13,19.6,14.1,26.0,0.0,90.0,15.4,1022.2
2021-08-14,21.0,14.4,28.0,0.0,83.0,11.0,1021.3
2021-08-15,21.9,15.9,30.0,0.0,93.0,11.8,1019.3
2021-08-16,21.4,15.4,28.0,0.1,96.0,13.7,1019.2
2021-08-17,21.0,15.0,29.0,0.1,107.0,10.7,1021.8
2021-08-18,20.2,15.0,26.0,0.0,96.0,16.2,1023.2
2021-08-19,19.4,13.8,26.0,0.0,88.0,13.9,1022.1
2021-08-20,19.6,13.0,27.0,0.0,79.0,11.4,1020.5
2021-08-21,20.5,13.9,28.0,0.0,100.0,11.5,1020.7
2021-08-22,20.2,13.9,27.0,0.0,87.0,13.1,1019.3
2021-08-23,21.3,14.1,29.0,0.0,90.0,9.7,1017.5
2021-08-24,21.8,15.2,30.0,0.0,92.0,12.8,1016.5
2021-08-25,21.5,15.1,29.0,0.0,93.0,13.7,1016.3
2021-08-26,21.5,14.2,29.0,0.0,86.0,12.2,1016.7
2021-08-27,21.6,16.0,27.0,0.0,97.0,15.6,1018.6
2021-08-28,20.6,16.2,26.0,0.0,87.0,15.2,1022.3
2021-08-29,20.1,14.7,26.0,0.0,113.0,14.2,1022.2
2021-08-30,20.1,14.5,27.0,0.3,135.0,16.0,1020.6
2021-08-31,18.5,14.8,24.0,0.0,128.0,15.5,1022.4
2021-09-01,18.9,13.2,25.0,0.4,115.0,15.4,1022.3
2021-09-02,19.2,14.6,26.0,0.6,89.0,14.7,1021.8
2021-09-03,21.0,14.4,29.0,0.0,90.0,12.6,1019.6
2021-09-04,23.0,16.0,32.0,0.0,98.0,10.3,1017.7
2021-09-05,24.9,17.2,33.0,0.0,95.0,9.4,1016.8
2021-09-06,26.3,18.6,34.0,0.0,121.0,9.3,1016.1
2021-09-07,24.6,18.1,32.0,0.0,102.0,16.3,1017.7
2021-09-08,23.4,16.7,31.0,0.0,91.0,16.9,1017.6
2021-09-09,25.8,17.9,34.0,0.0,58.0,10.1,1016.0
2021-09-10,27.0,20.0,35.0,0.0,73.0,10.1,1016.5
2021-09-11,26.0,19.9,33.0,0.0,108.0,13.3,1019.2
2021-09-12,25.3,19.4,31.0,0.0,101.0,15.6,1020.4
2021-09-13,26.3,19.6,35.0,0.0,82.0,10.1,1018.2
2021-09-14,26.7,19.6,34.0,0.0,72.0,9.3,1016.9
2021-09-15,27.7,20.3,36.0,0.0,100.0,9.5,1017.4
2021-09-16,25.3,19.8,31.0,0.0,106.0,17.5,1021.8
2021-09-17,23.6,19.3,28.0,0.0,87.0,17.1,1021.8
2021-09-18,24.6,17.3,33.0,0.0,76.0,11.7,1018.2
2021-09-19,27.1,19.6,36.0,0.0,97.0,9.3,1016.4
2021-09-20,25.7,19.9,32.0,0.0,101.0,15.5,1017.3
2021-09-21,27.2,18.9,36.0,0.0,90.0,9.3,1014.4
2021-09-22,23.3,17.2,30.0,0.0,128.0,17.2,1015.6
2021-09-23,19.6,13.4,26.0,0.0,99.0,18.7,1019.7
2021-09-24,21.4,13.8,29.0,0.0,84.0,15.2,1019.8
2021-09-25,21.8,15.0,28.0,0.7,84.0,14.9,1019.7
2021-09-26,22.9,16.6,32.0,4.5,86.0,12.4,1019.9
2021-09-27,23.9,17.7,31.0,2.7,99.0,13.6,1020.1
2021-09-28,24.1,18.0,31.0,0.2,86.0,14.1,1018.5
2021-09-29,25.8,18.1,34.0,0.0,101.0,11.9,1015.7
2021-09-30,25.5,20.7,33.0,0.2,107.0,10.8,1014.9
2021-10-01,25.8,18.4,35.0,0.0,76.0,12.3,1014.7
2021-10-02,25.1,19.0,34.0,0.7,99.0,9.6,1014.5
2021-10-03,25.3,20.0,33.0,0.1,89.0,11.7,1014.3
2021-10-04,26.8,20.1,34.0,0.0,88.0,10.9,1014.3
2021-10-05,25.8,21.3,33.0,0.1,107.0,11.2,1015.7
2021-10-06,24.5,19.7,31.0,0.0,98.0,16.7,1017.4
2021-10-07,21.5,18.0,25.3,1.1,153.0,11.9,1015.8
2021-10-08,21.9,17.6,28.0,0.0,106.0,16.1,1015.9
2021-10-09,21.0,17.4,26.0,2.3,95.0,18.2,1017.2
2021-10-10,18.5,17.0,23.0,13.1,80.0,14.3,1017.2
2021-10-11,17.4,16.0,19.0,44.9,90.0,13.4,1017.0
2021-10-12,20.0,15.6,27.0,1.1,95.0,16.4,1017.0
2021-10-13,21.5,15.2,30.0,0.0,80.0,11.0,1015.8
2021-10-14,22.8,16.3,31.0,1.1,64.0,10.4,1015.5
2021-10-15,23.0,19.0,30.0,0.5,68.0,9.7,1016.7
2021-10-16,23.4,18.5,30.0,3.0,111.0,9.4,1017.6
2021-10-17,23.0,19.1,31.0,8.9,111.0,8.0,1016.8
2021-10-18,22.0,18.3,29.0,23.2,84.0,10.7,1016.4
2021-10-19,20.5,18.2,26.0,18.2,96.0,10.6,1016.7
2021-10-20,17.7,15.1,20.0,9.1,134.0,15.1,1016.7
2021-10-21,18.8,14.4,27.0,1.1,100.0,13.9,1016.9
2021-10-22,21.7,15.1,30.0,1.4,95.0,9.9,1015.7
2021-10-23,22.6,15.3,32.0,0.2,71.0,13.1,1015.2
2021-10-24,22.0,17.2,30.0,5.5,60.0,11.3,1016.0
2021-10-25,23.1,18.4,30.0,0.1,100.0,12.2,1019.3
2021-10-26,22.7,18.3,29.0,1.1,91.0,14.7,1020.2
2021-10-27,23.9,18.6,31.0,0.5,92.0,15.2,1021.1
2021-10-28,22.8,16.8,30.0,0.0,90.0,15.5,1021.9
2021-10-29,22.1,16.2,29.0,0.0,93.0,17.5,1019.9
2021-10-30,22.3,17.4,30.0,4.0,99.0,15.7,1018.0
2021-10-31,20.9,17.7,27.0,10.9,87.0,15.3,1017.5
2021-11-01,19.8,17.1,26.0,57.9,58.0,8.8,1014.9
2021-11-02,22.3,17.5,29.0,2.5,292.0,8.3,1013.6
2021-11-03,23.7,15.9,32.0,0.7,107.0,8.7,1012.7
2021-11-04,24.1,17.1,33.0,0.7,75.0,9.4,1012.3
2021-11-05,24.2,17.5,33.0,0.5,96.0,10.2,1012.9
2021-11-06,25.2,17.2,33.0,0.1,100.0,10.6,1013.2
2021-11-07,23.9,17.9,32.0,10.4,67.0,11.1,1014.2
2021-11-08,23.3,18.2,31.0,18.5,82.0,11.2,1015.0
2021-11-09,22.4,17.8,30.0,8.3,69.0,8.1,1015.1
2021-11-10,22.8,18.3,30.0,7.6,85.0,10.7,1016.1
2021-11-11,18.6,17.7,19.0,27.3,85.0,12.1,1018.3
2021-11-12,17.4,15.9,22.0,23.5,117.0,13.7,1017.5
2021-11-13,18.2,14.0,24.0,0.1,107.0,14.8,1017.9
2021-11-14,19.1,13.9,28.0,0.4,88.0,14.1,1018.3
2021-11-15,19.9,13.9,28.0,0.0,95.0,15.0,1018.8
2021-11-16,20.8,14.2,29.0,0.0,86.0,15.3,1018.9
2021-11-17,22.9,15.9,31.0,0.7,88.0,13.1,1016.4
2021-11-18,22.5,17.2,30.0,7.8,80.0,12.0,1014.9
2021-11-19,22.1,18.8,27.0,14.4,2.0,9.1,1014.1
2021-11-20,20.7,18.9,24.0,25.9,65.0,9.9,1014.6
2021-11-21,20.2,17.6,24.0,2.7,108.0,12.9,1015.8
2021-11-22,22.9,17.0,32.0,0.5,78.0,10.6,1015.0
2021-11-23,24.4,16.2,33.0,0.0,165.0,9.0,1015.6
2021-11-24,24.8,18.0,32.0,0.0,120.0,9.6,1015.8
2021-11-25,23.8,17.8,31.0,0.0,92.0,12.6,1016.6
2021-11-26,24.1,17.5,32.0,3.6,32.0,9.6,1013.8
2021-11-27,20.7,18.7,26.0,20.0,358.0,10.5,1011.5
2021-11-28,21.8,17.0,30.0,1.8,356.0,8.8,1011.5
2021-11-29,24.3,17.0,33.0,0.2,26.0,8.1,1010.9
2021-11-30,23.7,18.7,32.0,5.9,66.0,8.0,1011.6
2021-12-01,22.0,18.8,30.0,19.1,359.0,6.5,1012.8
2021-12-02,24.6,16.9,35.0,0.5,110.0,9.2,1013.1
2021-12-03,21.9,17.8,30.0,9.6,79.0,14.4,1014.2
2021-12-04,22.3,16.6,29.0,0.2,102.0,14.4,1017.5
2021-12-05,23.2,17.2,32.0,0.4,79.0,13.1,1018.3
2021-12-06,18.6,18.0,19.3,33.5,106.0,11.8,1016.3
2021-12-07,20.0,17.3,25.0,12.0,117.0,10.5,1013.8
2021-12-08,17.7,16.0,20.0,12.2,144.0,11.0,1014.7
2021-12-09,22.0,13.6,31.0,0.7,69.0,9.0,1014.6
2021-12-10,23.7,16.5,33.0,0.0,60.0,10.9,1013.7
2021-12-11,24.4,17.1,32.0,0.5,76.0,11.7,1012.5
2021-12-12,24.3,18.8,32.0,9.7,65.0,10.3,1013.0
2021-12-13,22.5,19.7,29.0,5.6,42.0,7.5,1015.2
2021-12-14,22.8,18.7,31.0,14.0,65.0,9.2,1014.9
2021-12-15,21.7,19.4,28.0,1.4,73.0,7.7,1014.5
2021-12-16,23.8,19.6,31.0,4.8,87.0,9.9,1014.0
2021-12-17,20.3,19.5,21.0,28.6,275.0,6.1,1015.8
2021-12-18,23.8,17.9,32.0,23.0,97.0,7.5,1015.1
2021-12-19,21.6,18.1,26.0,0.9,116.0,14.1,1015.2
2021-12-20,21.2,17.2,27.0,0.3,99.0,15.4,1015.0
2021-12-21,22.0,16.8,28.0,1.3,88.0,13.6,1013.7
2021-12-22,22.5,17.3,27.8,0.5,53.0,8.7,1012.6
2021-12-23,22.2,18.8,28.0,30.5,286.0,9.7,1010.4
2021-12-24,21.0,17.3,26.4,0.1,117.0,10.3,1011.0
2021-12-25,20.6,16.0,25.6,0.0,109.0,11.4,1013.3
2021-12-26,21.2,15.9,26.3,0.3,78.0,11.0,1014.3
2021-12-27,23.2,17.1,32.0,0.2,73.0,9.7,1014.1
2021-12-28,23.7,17.7,32.0,7.3,55.0,8.6,1015.8
2021-12-29,22.1,17.9,29.0,16.6,44.0,8.9,1016.8
2021-12-30,19.8,17.7,22.0,25.9,68.0,8.8,1014.9
2021-12-31,19.8,18.0,22.0,18.1,68.0,12.0,1013.4
2022-01-01,20.4,18.4,23.0,9.9,61.0,8.5,1014.6
2022-01-02,22.0,18.7,29.0,24.9,72.0,10.1,1015.3
2022-01-03,21.6,17.9,27.0,8.9,68.0,9.6,1015.0
2022-01-04,22.2,18.5,27.0,14.6,67.0,11.6,1013.5
2022-01-05,21.4,17.9,25.0,6.9,38.0,7.6,1012.8
2022-01-06,22.1,19.0,28.0,19.0,359.0,7.9,1012.3
2022-01-07,20.7,18.9,25.0,83.7,341.0,8.5,1012.4
2022-01-08,20.1,18.5,23.0,43.2,80.0,7.3,1012.3
2022-01-09,19.9,18.6,23.0,84.5,77.0,9.0,1014.0
2022-01-10,20.8,18.6,26.0,39.9,25.0,11.0,1013.5
2022-01-11,20.7,18.2,26.0,25.9,30.0,8.4,1014.4
2022-01-12,23.7,17.9,32.0,9.3,71.0,7.7,1016.2
2022-01-13,24.6,18.5,32.0,0.3,74.0,5.8,1019.0
2022-01-14,25.3,18.4,34.0,0.0,108.0,12.2,1020.6
2022-01-15,24.1,17.5,32.0,0.1,111.0,7.5,1019.8
2022-01-16,23.6,19.1,31.0,1.5,75.0,7.7,1018.1
2022-01-17,24.2,18.1,33.0,0.9,76.0,7.4,1017.2
2022-01-18,24.3,19.1,32.0,0.2,95.0,8.5,1018.5
2022-01-19,24.9,18.7,33.0,0.0,86.0,11.4,1019.4
2022-01-20,24.7,18.9,32.0,0.7,108.0,9.2,1018.1
2022-01-21,24.5,19.2,30.0,2.0,107.0,7.9,1016.1
2022-01-22,24.7,18.6,34.0,0.0,82.0,9.3,1016.4
2022-01-23,23.8,17.7,31.0,0.0,91.0,13.4,1016.3
2022-01-24,23.9,17.4,31.0,0.0,85.0,12.5,1015.8
2022-01-25,23.8,17.6,31.0,0.1,79.0,11.5,1015.7
2022-01-26,24.1,17.5,32.0,0.7,85.0,10.6,1015.6
2022-01-27,24.5,17.6,31.0,0.4,24.0,8.2,1015.1
2022-01-28,25.2,19.3,31.0,1.9,35.0,8.0,1012.8
2022-01-29,23.1,18.9,30.0,2.7,52.0,9.0,1013.5
2022-01-30,22.7,17.9,29.0,3.2,11.0,6.7,1015.4
2022-01-31,21.3,17.9,26.0,12.6,13.0,6.8,1016.1
2022-02-01,23.1,18.9,30.0,3.9,23.0,5.8,1016.1
2022-02-02,22.2,18.6,27.0,21.3,60.0,7.5,1017.4
2022-02-03,23.0,18.3,29.0,8.9,135.0,4.9,1016.8
2022-02-04,23.2,18.5,28.0,4.5,358.0,4.9,1016.1
2022-02-05,22.5,19.1,28.0,7.0,66.0,8.6,1015.2
2022-02-06,21.4,19.2,26.0,13.9,46.0,6.8,1015.5
2022-02-07,20.6,18.5,25.0,14.0,61.0,7.8,1015.1
2022-02-08,21.3,18.7,27.0,20.1,51.0,8.1,1014.5
2022-02-09,20.5,18.4,24.0,44.4,92.0,8.9,1014.0
2022-02-10,22.0,18.0,29.0,24.8,84.0,9.2,1014.5
2022-02-11,21.6,18.2,29.0,10.7,79.0,6.1,1014.8
2022-02-12,20.6,18.4,24.0,24.8,71.0,8.3,1015.4
2022-02-13,22.6,17.9,29.0,2.3,82.0,10.8,1014.7
2022-02-14,23.5,17.8,31.0,4.5,39.0,9.0,1014.7
2022-02-15,21.5,18.8,28.0,5.5,166.0,7.5,1016.2
2022-02-16,22.8,18.2,31.0,6.6,95.0,10.8,1016.7
2022-02-17,22.4,17.6,30.0,9.9,36.0,9.6,1015.4
2022-02-18,20.1,17.8,24.0,28.3,63.0,5.5,1013.0
2022-02-19,21.9,17.9,28.0,27.1,25.0,5.9,1014.0
2022-02-20,22.2,18.3,28.0,13.6,55.0,6.3,1017.4
2022-02-21,22.4,17.9,32.0,3.9,97.0,7.6,1018.6
2022-02-22,22.6,18.5,30.0,5.4,120.0,8.1,1017.7
2022-02-23,24.0,17.8,32.0,0.7,94.0,7.3,1016.1
2022-02-24,24.0,18.7,33.0,1.2,93.0,7.8,1017.0
2022-02-25,24.4,18.8,31.0,0.4,109.0,13.2,1018.8
2022-02-26,23.9,17.8,32.0,0.5,92.0,12.6,1018.7
2022-02-27,23.4,17.5,31.0,0.4,85.0,11.2,1017.3
2022-02-28,23.7,17.9,31.0,0.3,93.0,13.7,1016.9
2022-03-01,23.4,17.2,30.0,0.1,96.0,12.6,1017.1
2022-03-02,23.9,18.0,31.0,0.0,97.0,11.1,1017.5
2022-03-03,24.2,18.1,31.0,0.0,90.0,10.1,1017.6
2022-03-04,24.3,18.3,32.0,0.1,94.0,11.1,1017.0
2022-03-05,24.3,18.0,30.0,0.2,92.0,11.5,1016.6
2022-03-06,23.5,17.3,30.0,0.0,90.0,12.2,1016.7
2022-03-07,24.3,17.8,32.0,0.0,88.0,11.9,1016.3
2022-03-08,24.3,17.6,32.0,0.0,92.0,13.9,1016.5
2022-03-09,24.2,17.8,31.0,0.2,87.0,13.8,1016.8
2022-03-10,23.9,17.5,31.0,0.1,83.0,12.6,1017.0
2022-03-11,24.6,18.2,33.0,0.4,94.0,11.3,1016.2
2022-03-12,24.9,19.3,33.0,0.0,80.0,9.4,1015.9
2022-03-13,25.4,20.6,32.0,0.2,103.0,9.6,1016.4
2022-03-14,25.2,19.3,32.0,0.2,93.0,9.5,1014.9
2022-03-15,25.4,19.4,32.0,0.3,88.0,12.3,1014.2
2022-03-16,25.1,19.3,32.0,0.6,84.0,14.9,1016.5
2022-03-17,24.6,19.3,31.0,0.7,84.0,12.5,1017.9
2022-03-18,25.0,19.5,32.0,0.5,86.0,11.4,1017.7
2022-03-19,24.8,18.2,32.0,0.0,88.0,9.4,1016.9
2022-03-20,24.9,18.7,32.0,0.0,102.0,8.3,1016.3
2022-03-21,21.5,18.2,28.0,1.1,143.0,17.0,1018.5
2022-03-22,21.7,15.6,29.0,0.0,118.0,17.6,1019.7
2022-03-23,22.2,16.3,29.0,0.0,96.0,16.4,1019.1
2022-03-24,23.1,17.2,30.0,0.2,78.0,13.3,1018.0
2022-03-25,24.9,18.1,33.0,0.0,74.0,8.8,1015.9
2022-03-26,26.1,19.5,33.0,0.1,79.0,8.2,1014.5
2022-03-27,26.9,20.7,34.0,0.1,88.0,11.0,1015.9
2022-03-28,25.5,19.9,31.0,0.0,97.0,13.5,1017.3
2022-03-29,24.5,19.3,31.0,0.0,99.0,13.7,1017.1
2022-03-30,25.4,18.9,33.0,0.0,103.0,9.6,1014.9
2022-03-31,26.4,20.4,34.0,0.1,106.0,10.5,1015.1
2022-04-01,23.9,19.6,30.0,0.6,129.0,12.5,1018.5
2022-04-02,23.1,18.5,30.0,0.6,107.0,11.3,1019.2
2022-04-03,23.0,18.7,27.0,0.2,115.0,11.5,1018.9
2022-04-04,23.4,18.9,30.0,0.2,107.0,10.1,1018.2
2022-04-05,25.0,19.3,32.0,0.0,104.0,8.5,1017.2
2022-04-06,24.6,19.4,32.0,0.3,116.0,11.4,1016.6
2022-04-07,24.1,18.5,33.0,0.4,95.0,11.6,1016.6
2022-04-08,24.6,18.9,31.0,0.4,71.0,9.7,1017.1
2022-04-09,23.1,19.6,29.0,5.7,98.0,7.0,1016.5
2022-04-10,24.4,19.7,31.0,0.7,163.0,5.3,1014.4
2022-04-11,24.2,18.3,32.0,0.3,104.0,13.1,1015.0
2022-04-12,24.4,18.3,30.0,0.0,89.0,8.3,1014.7
2022-04-13,24.9,20.1,32.0,6.7,173.0,7.2,1013.7
2022-04-14,24.3,18.9,31.0,3.5,7.0,7.5,1012.4
2022-04-15,22.0,16.5,28.0,1.4,134.0,9.5,1013.7
2022-04-16,20.2,14.0,27.0,0.0,121.0,12.2,1017.0
2022-04-17,20.6,14.1,29.0,0.0,119.0,12.4,1018.2
2022-04-18,20.1,13.9,26.0,0.0,102.0,12.2,1018.7
2022-04-19,20.8,14.4,28.0,0.0,104.0,10.2,1019.0
2022-04-20,22.1,15.0,30.0,0.0,106.0,8.2,1018.4
2022-04-21,22.6,15.8,29.0,0.0,115.0,9.3,1016.8
2022-04-22,22.8,15.9,30.0,0.0,66.0,7.3,1014.9
2022-04-23,23.6,17.3,32.0,0.0,20.0,10.5,1015.2
2022-04-24,24.6,17.4,32.0,0.0,97.0,7.6,1018.2
2022-04-25,22.4,18.3,27.0,0.2,100.0,14.9,1020.2
2022-04-26,22.8,17.5,29.0,0.0,94.0,12.6,1019.3
2022-04-27,22.3,17.2,28.0,0.0,92.0,13.7,1018.9
2022-04-28,23.1,17.5,30.0,0.0,89.0,10.7,1020.0
2022-04-29,23.4,17.2,31.0,0.0,105.0,10.6,1019.2
2022-04-30,22.4,17.0,29.0,0.0,111.0,12.0,1019.1
2022-05-01,21.9,15.6,29.0,0.0,91.0,10.1,1018.5
2022-05-02,22.5,16.2,30.0,0.0,96.0,9.4,1018.0
2022-05-03,23.2,16.9,30.0,0.0,83.0,8.9,1017.1
2022-05-04,22.8,17.8,30.0,2.2,57.0,11.1,1015.6
2022-05-05,20.2,17.7,24.0,22.4,264.0,6.1,1018.2
2022-05-06,21.4,16.3,28.0,0.9,115.0,8.5,1020.1
2022-05-07,21.1,17.0,28.0,0.6,109.0,13.4,1021.1
2022-05-08,20.5,15.2,27.0,0.0,111.0,12.1,1020.8
2022-05-09,19.3,13.8,27.0,0.0,143.0,11.5,1021.0
2022-05-10,18.7,12.4,26.0,0.0,113.0,9.7,1019.3
2022-05-11,20.0,12.9,28.0,0.0,184.0,8.3,1017.3
2022-05-12,21.5,16.9,28.0,0.0,233.0,7.3,1016.7
2022-05-13,21.4,15.6,28.0,0.0,111.0,9.7,1018.5
2022-05-14,20.9,16.1,27.0,0.0,105.0,12.4,1019.1
2022-05-15,19.0,14.6,23.0,8.6,88.0,8.5,1017.7
2022-05-16,20.0,17.1,26.0,3.2,277.0,7.9,1017.2
2022-05-17,17.7,14.6,21.0,1.6,284.0,10.7,1016.6
2022-05-18,12.5,9.2,17.0,0.0,269.0,19.2,1015.5
2022-05-19,12.0,5.9,18.0,0.0,251.0,13.8,1016.7
2022-05-20,14.2,6.6,22.0,0.0,182.0,5.4,1020.8
2022-05-21,16.2,10.5,23.0,0.0,104.0,10.6,1023.4
2022-05-22,16.9,10.9,24.0,0.0,96.0,11.1,1023.3
2022-05-23,17.3,11.3,26.0,0.0,110.0,10.4,1022.8
2022-05-24,17.5,11.6,24.0,0.0,104.0,13.3,1024.0
2022-05-25,17.1,12.8,22.0,0.1,101.0,14.3,1025.1
2022-05-26,18.6,14.0,25.0,0.0,91.0,13.8,1024.7
2022-05-27,18.2,13.5,25.0,0.0,96.0,11.8,1022.9
2022-05-28,18.2,12.7,25.0,0.0,96.0,7.9,1020.6
2022-05-29,19.7,13.9,28.0,0.0,78.0,7.7,1018.2
2022-05-30,20.4,13.3,29.0,0.0,210.0,7.1,1016.7
2022-05-31,22.1,16.0,29.0,0.0,186.0,6.3,1016.6
2022-06-01,21.4,16.6,27.0,0.0,104.0,11.6,1017.7
2022-06-02,21.5,15.2,29.0,0.0,99.0,8.4,1017.6
2022-06-03,22.2,16.3,30.0,0.0,187.0,8.1,1018.3
2022-06-04,19.6,15.4,26.0,0.0,138.0,13.5,1020.9
2022-06-05,17.9,11.9,25.0,0.0,115.0,11.3,1021.7
2022-06-06,16.9,10.8,24.0,0.0,97.0,9.3,1020.2
2022-06-07,18.3,11.4,26.0,0.0,242.0,6.2,1017.2
2022-06-08,19.6,13.5,27.0,0.0,155.0,5.1,1016.4
2022-06-09,21.0,16.3,27.0,0.0,90.0,8.8,1017.8
2022-06-10,21.1,15.3,28.0,0.0,66.0,10.3,1017.5
2022-06-11,20.6,16.2,28.0,0.6,132.0,7.3,1017.2
2022-06-12,20.1,16.1,26.0,0.1,235.0,7.8,1018.0
2022-06-13,18.4,11.1,26.0,0.0,155.0,9.2,1020.2
2022-06-14,16.5,10.4,23.0,0.0,112.0,13.6,1022.2
2022-06-15,16.5,12.3,22.0,0.0,103.0,12.3,1022.3
2022-06-16,17.0,10.3,26.0,0.0,97.0,8.0,1020.4
2022-06-17,18.3,11.2,27.0,0.0,54.0,6.2,1017.4
2022-06-18,20.0,14.8,26.0,0.0,239.0,8.0,1018.6
2022-06-19,19.5,14.3,26.0,0.0,118.0,13.3,1021.3
2022-06-20,18.9,13.8,25.0,0.0,100.0,15.0,1022.2
2022-06-21,18.6,13.6,25.0,0.0,93.0,12.9,1021.9
2022-06-22,19.3,13.2,27.0,0.0,88.0,7.9,1020.5
2022-06-23,19.3,12.8,27.0,0.0,101.0,7.0,1021.4
2022-06-24,19.2,12.8,27.0,0.0,101.0,8.0,1021.3
2022-06-25,19.7,13.4,28.0,0.0,137.0,7.2,1020.1
2022-06-26,18.2,13.1,26.0,0.0,132.0,13.6,1020.3
2022-06-27,16.6,12.1,23.0,0.0,111.0,13.8,1022.0
2022-06-28,16.5,10.5,23.0,0.0,86.0,10.3,1021.6
2022-06-29,18.0,10.6,26.0,0.0,322.0,6.2,1019.9
2022-06-30,19.7,13.3,27.0,0.0,176.0,6.4,1019.4
2022-07-01,18.2,13.0,24.0,0.0,101.0,13.9,1021.3
2022-07-02,18.3,13.0,25.0,0.0,98.0,13.2,1024.4
2022-07-03,18.4,13.4,25.0,0.0,97.0,13.7,1025.5
2022-07-04,18.2,12.3,25.0,0.0,92.0,13.5,1024.7
2022-07-05,18.5,12.7,25.0,0.0,94.0,10.7,1023.0
2022-07-06,18.7,13.2,28.0,0.0,93.0,9.9,1021.7
2022-07-07,18.2,13.0,25.0,0.0,100.0,8.3,1023.2
2022-07-08,18.3,12.6,25.0,0.0,111.0,9.5,1024.9
2022-07-09,18.2,13.0,25.0,0.0,98.0,13.0,1024.7
2022-07-10,18.0,13.9,24.0,0.0,89.0,14.0,1023.4
2022-07-11,18.2,13.2,25.0,0.0,76.0,12.2,1020.7
2022-07-12,19.1,12.3,27.0,0.0,127.0,8.5,1020.5
2022-07-13,19.8,12.8,28.0,0.0,107.0,10.2,1021.6
2022-07-14,18.8,14.1,25.0,0.0,95.0,14.8,1021.9
2022-07-15,19.5,13.7,27.0,0.0,84.0,11.4,1020.7
2022-07-16,20.1,13.7,28.0,0.0,80.0,7.9,1019.7
2022-07-17,20.8,13.5,30.0,0.0,89.0,6.6,1021.7
2022-07-18,20.0,14.6,27.0,0.0,95.0,14.0,1023.8
2022-07-19,19.5,13.7,26.0,0.0,101.0,12.2,1024.0
2022-07-20,19.3,12.8,26.0,0.0,119.0,11.4,1021.7
2022-07-21,19.3,13.7,26.0,0.0,107.0,10.7,1021.0
2022-07-22,19.1,13.3,25.0,0.0,93.0,10.1,1020.7
2022-07-23,19.8,13.7,27.0,0.0,90.0,9.6,1020.7
2022-07-24,19.1,13.6,25.0,0.0,106.0,12.5,1021.8
2022-07-25,18.7,12.9,25.0,0.0,101.0,12.8,1022.4
2022-07-26,18.5,12.9,25.0,0.0,97.0,13.6,1022.5
2022-07-27,18.3,12.4,25.0,0.0,100.0,12.4,1021.9
2022-07-28,19.3,12.6,26.0,0.0,49.0,5.9,1018.5
2022-07-29,20.9,13.9,29.0,0.0,344.0,9.8,1015.9
2022-07-30,21.4,14.4,29.0,0.1,286.0,8.2,1016.6
2022-07-31,20.3,14.5,28.0,0.0,99.0,13.9,1020.2
2022-08-01,20.0,14.6,26.0,0.0,101.0,15.0,1020.2
2022-08-02,21.6,15.3,29.0,0.0,93.0,10.7,1019.5
2022-08-03,21.6,16.1,30.0,0.0,99.0,11.6,1019.3
2022-08-04,21.0,14.7,29.0,0.0,82.0,8.7,1018.3
2022-08-05,22.2,14.0,31.0,0.0,157.0,7.8,1016.8
2022-08-06,22.8,16.1,30.0,0.0,99.0,12.6,1017.6
2022-08-07,23.1,14.9,32.0,0.0,79.0,11.5,1017.5
2022-08-08,23.3,16.9,32.0,0.0,132.0,12.9,1017.5
2022-08-09,22.0,16.3,30.0,0.1,108.0,10.8,1018.8
2022-08-10,20.2,14.4,26.0,0.0,296.0,16.8,1016.7
2022-08-11,17.2,9.4,26.0,0.0,219.0,13.7,1019.0
2022-08-12,17.9,11.5,25.0,0.0,120.0,14.6,1023.2
2022-08-13,18.2,11.9,26.0,0.0,102.0,14.9,1024.6
2022-08-14,17.7,11.8,25.0,0.0,94.0,14.9,1023.4
2022-08-15,17.8,11.0,25.0,0.0,93.0,12.1,1020.7
2022-08-16,20.5,12.4,29.0,0.0,83.0,10.4,1019.5
2022-08-17,22.6,15.2,32.0,0.0,86.0,13.2,1018.4
2022-08-18,21.3,14.6,30.0,0.0,76.0,14.5,1018.8
2022-08-19,21.6,14.6,32.0,0.0,97.0,13.1,1021.3
2022-08-20,16.7,11.8,23.0,0.0,131.0,18.5,1025.4
2022-08-21,16.4,10.7,23.0,0.0,118.0,13.9,1025.3
2022-08-22,17.5,10.1,25.0,0.0,110.0,12.7,1023.6
2022-08-23,18.9,11.9,27.0,0.0,106.0,13.6,1023.5
2022-08-24,19.5,12.5,28.0,0.0,95.0,13.2,1023.0
2022-08-25,19.7,13.7,26.0,0.0,98.0,16.9,1023.3
2022-08-26,19.8,14.3,26.0,0.0,92.0,13.8,1022.8
2022-08-27,20.9,13.9,28.0,0.0,93.0,12.7,1020.6
2022-08-28,23.7,15.9,32.0,0.0,98.0,9.6,1019.6
2022-08-29,20.9,13.9,28.0,0.0,132.0,16.4,1021.4
2022-08-30,16.1,10.9,23.0,0.0,134.0,18.1,1024.2
2022-08-31,16.0,8.9,24.0,0.0,108.0,14.7,1024.6
2022-09-01,17.0,10.0,24.0,0.0,84.0,14.0,1022.6
2022-09-02,18.5,11.3,27.0,0.0,91.0,9.3,1021.4
2022-09-03,21.7,12.5,31.0,0.0,86.0,7.3,1019.0
2022-09-04,22.5,16.5,31.0,0.0,109.0,14.1,1020.2
2022-09-05,19.4,14.9,26.0,0.0,103.0,17.2,1023.7
2022-09-06,19.0,14.2,25.0,0.0,96.0,15.3,1024.9
2022-09-07,18.0,11.8,25.0,0.0,89.0,16.5,1022.9
2022-09-08,21.0,12.6,30.0,0.0,84.0,11.2,1020.2
2022-09-09,23.3,15.6,32.0,0.0,80.0,11.1,1019.4
2022-09-10,25.6,16.7,34.0,0.0,71.0,9.1,1018.0
2022-09-11,26.3,19.4,35.0,0.0,104.0,10.6,1017.0
2022-09-12,23.1,16.5,31.0,0.0,84.0,17.8,1017.8
2022-09-13,24.6,16.4,34.0,0.0,69.0,14.1,1015.6
2022-09-14,27.1,18.7,36.0,0.0,68.0,11.9,1015.2
2022-09-15,24.7,18.6,31.0,0.2,102.0,14.0,1017.2
2022-09-16,21.9,17.1,30.0,11.1,118.0,13.5,1018.3
2022-09-17,16.7,14.2,20.0,16.1,129.0,14.7,1019.8
2022-09-18,17.5,12.0,24.0,0.0,96.0,14.1,1019.3
2022-09-19,20.5,12.9,29.0,0.0,89.0,13.9,1017.3
2022-09-20,21.9,14.6,30.0,0.1,80.0,10.0,1015.1
2022-09-21,23.8,17.5,31.0,0.1,73.0,8.0,1013.9
2022-09-22,21.4,18.9,25.0,5.1,15.0,9.7,1014.4
2022-09-23,23.1,18.4,31.0,0.2,280.0,11.4,1014.7
2022-09-24,22.5,14.6,32.0,0.0,103.0,10.7,1017.7
2022-09-25,22.3,15.7,30.0,0.0,88.0,15.7,1019.3
2022-09-26,23.3,15.7,32.0,0.0,70.0,14.4,1019.0
2022-09-27,20.5,18.0,23.9,1.4,107.0,9.4,1019.3
2022-09-28,21.3,18.3,27.0,15.2,106.0,7.4,1017.9
2022-09-29,20.3,16.6,25.0,5.6,123.0,13.8,1018.9
2022-09-30,20.7,16.2,26.0,0.0,105.0,17.4,1020.4
2022-10-01,21.1,16.3,29.0,3.2,81.0,10.0,1019.7
2022-10-02,24.0,16.8,33.0,0.2,89.0,10.7,1017.6
2022-10-03,22.9,17.9,32.0,13.8,72.0,11.2,1016.7
2022-10-04,21.2,16.3,30.0,3.9,70.0,7.8,1016.2
2022-10-05,22.8,15.7,31.0,0.0,62.0,7.4,1016.3
2022-10-06,23.3,17.8,30.0,0.9,91.0,15.2,1016.6
2022-10-07,21.8,18.7,28.0,1.6,290.0,10.4,1015.4
2022-10-08,22.5,17.9,29.0,0.0,80.0,5.3,1015.8
2022-10-09,23.0,19.3,27.0,1.7,89.0,8.8,1017.9
2022-10-10,24.1,18.7,31.0,0.0,99.0,15.7,1020.3
2022-10-11,24.5,18.3,33.0,0.0,86.0,18.0,1021.2
2022-10-12,24.8,17.6,33.0,0.0,91.0,15.3,1018.9
2022-10-13,24.1,17.2,32.0,0.0,93.0,15.6,1019.2
2022-10-14,24.0,17.2,31.0,0.0,83.0,14.1,1020.4
2022-10-15,23.6,17.6,31.0,0.0,121.0,16.0,1021.3
2022-10-16,21.9,15.1,31.0,0.0,99.0,14.0,1019.1
2022-10-17,23.4,16.0,31.0,0.0,102.0,12.9,1017.3
2022-10-18,24.0,17.9,31.0,0.0,96.0,18.3,1019.4
2022-10-19,23.3,18.1,30.0,4.0,91.0,16.4,1019.3
2022-10-20,23.3,17.6,30.0,0.0,81.0,13.8,1016.6
2022-10-21,22.5,17.5,30.0,11.9,77.0,12.4,1015.0
2022-10-22,22.2,18.2,29.0,2.9,74.0,8.3,1015.6
2022-10-23,22.2,18.3,28.0,0.4,73.0,10.5,1017.8
2022-10-24,21.9,17.1,30.0,3.1,84.0,12.9,1017.6
2022-10-25,21.9,15.9,31.0,0.2,101.0,10.0,1016.6
2022-10-26,23.1,16.4,32.0,0.1,97.0,13.4,1016.6
2022-10-27,24.1,17.1,33.0,0.0,83.0,13.2,1016.4
2022-10-28,24.9,18.6,33.0,0.3,109.0,10.1,1016.4
2022-10-29,25.0,19.3,31.0,0.0,83.0,10.0,1015.0
2022-10-30,24.5,20.0,32.0,18.9,87.0,9.2,1013.3
2022-10-31,22.2,19.3,26.0,10.7,76.0,6.9,1014.4
2022-11-01,23.2,17.7,32.0,4.4,53.0,11.1,1015.1
2022-11-02,16.9,14.9,19.0,8.7,151.0,14.9,1018.8
2022-11-03,15.7,13.8,20.0,3.8,140.0,15.6,1019.9
2022-11-04,16.8,12.0,23.0,0.0,141.0,11.9,1019.1
2022-11-05,18.5,11.5,27.0,0.0,130.0,10.8,1018.7
2022-11-06,19.6,12.8,27.0,0.0,95.0,13.8,1018.9
2022-11-07,20.3,14.1,29.0,3.1,86.0,14.0,1018.0
2022-11-08,21.4,15.5,30.0,6.5,76.0,12.2,1017.7
2022-11-09,21.2,15.9,29.0,7.2,75.0,10.1,1017.8
2022-11-10,23.1,16.4,31.0,2.3,69.0,10.3,1017.4
2022-11-11,23.6,18.1,33.0,9.4,86.0,10.8,1016.2
2022-11-12,22.1,17.8,29.0,15.5,54.0,9.5,1015.8
2022-11-13,24.3,17.0,33.0,1.4,8.0,6.5,1014.9
2022-11-14,22.9,19.4,30.0,7.6,62.0,10.2,1015.8
2022-11-15,21.6,18.8,27.0,34.8,78.0,6.8,1017.1
2022-11-16,21.5,18.4,29.0,14.6,88.0,8.7,1016.6
2022-11-17,22.6,15.8,30.0,0.2,116.0,11.3,1016.7
2022-11-18,21.9,14.8,30.0,0.0,121.0,13.9,1016.6
2022-11-19,21.8,14.6,29.0,0.0,91.0,11.6,1018.0
2022-11-20,22.3,15.8,32.0,0.2,97.0,11.1,1017.5
2022-11-21,22.9,16.6,31.0,0.0,98.0,14.5,1016.6
2022-11-22,22.8,17.8,30.0,1.5,82.0,15.1,1016.5
2022-11-23,21.6,18.0,27.0,0.7,88.0,11.9,1015.3
2022-11-24,20.7,17.2,25.0,12.5,95.0,9.1,1013.4
2022-11-25,22.0,14.7,31.0,2.0,104.0,9.0,1013.3
2022-11-26,21.5,16.5,30.0,12.2,92.0,10.4,1014.2
2022-11-27,22.4,16.6,30.0,4.6,73.0,8.6,1013.2
2022-11-28,22.9,17.0,32.0,11.0,84.0,9.6,1009.6
2022-11-29,22.2,16.7,31.0,19.5,43.0,7.9,1007.9
2022-11-30,22.5,16.9,31.0,4.2,56.0,10.5,1009.0
2022-12-01,22.6,17.7,30.0,3.0,77.0,12.3,1012.8
2022-12-02,23.4,19.0,31.0,4.8,89.0,16.7,1015.3
2022-12-03,21.7,18.7,27.0,1.0,79.0,15.8,1016.8
2022-12-04,22.1,18.3,29.0,4.7,71.0,12.7,1015.7
2022-12-05,21.6,17.7,27.0,3.5,82.0,14.3,1017.2
2022-12-06,19.4,17.7,22.0,7.8,81.0,7.2,1019.1
2022-12-07,20.7,17.8,27.0,24.8,41.0,5.6,1016.0
2022-12-08,23.5,17.2,31.0,1.0,58.0,6.4,1012.2
2022-12-09,25.4,17.5,34.0,0.0,81.0,8.0,1012.3
2022-12-10,24.2,18.7,32.0,3.2,56.0,8.3,1014.8
2022-12-11,23.7,18.1,31.0,21.5,299.0,8.9,1014.8
2022-12-12,24.0,18.6,32.0,21.5,293.0,9.2,1012.1
2022-12-13,21.4,19.1,27.0,21.4,299.0,11.6,1010.5
2022-12-14,20.6,17.5,24.0,8.4,107.0,10.0,1012.9
2022-12-15,20.4,16.0,26.0,0.0,94.0,15.5,1014.9
2022-12-16,21.5,14.9,29.0,0.3,42.0,9.3,1012.0
2022-12-17,21.3,17.3,28.0,3.6,72.0,6.2,1011.3
2022-12-18,22.8,17.8,30.0,2.4,97.0,11.7,1014.2
2022-12-19,20.4,18.6,24.0,24.2,96.0,12.4,1015.3
2022-12-20,20.2,18.4,23.0,71.3,15.0,10.5,1013.2
2022-12-21,21.6,18.2,29.0,26.9,357.0,8.6,1011.9
2022-12-22,21.7,16.6,29.0,0.4,134.0,10.9,1013.6
2022-12-23,21.1,15.4,27.0,0.3,106.0,14.2,1016.0
2022-12-24,21.9,16.9,28.0,3.1,95.0,15.6,1016.9
2022-12-25,22.1,18.2,29.0,7.0,79.0,17.7,1017.1
2022-12-26,21.1,18.3,28.0,12.5,80.0,13.9,1017.2
2022-12-27,22.4,18.2,30.0,1.6,83.0,10.8,1017.0
2022-12-28,23.2,18.0,29.0,0.9,66.0,9.2,1016.8
2022-12-29,22.9,18.1,28.0,1.6,82.0,9.6,1017.3
2022-12-30,23.8,18.9,31.0,1.2,92.0,10.3,1017.2
2022-12-31,22.5,18.6,28.0,0.8,79.0,10.5,1018.4
2023-01-01,21.4,18.3,27.0,3.4,83.0,11.0,1017.9
2023-01-02,21.1,17.0,27.0,9.4,82.0,10.6,1016.3
2023-01-03,21.0,16.6,28.0,11.5,59.0,9.8,1015.3
2023-01-04,21.9,18.3,28.0,10.5,22.0,9.3,1014.8
2023-01-05,20.3,18.3,23.0,20.8,68.0,6.2,1014.9
2023-01-06,20.5,18.7,23.0,40.1,27.0,7.1,1016.5
2023-01-07,21.3,18.6,29.0,18.1,93.0,6.6,1018.0
2023-01-08,20.7,18.4,26.0,13.8,61.0,10.8,1018.3
2023-01-09,21.4,17.6,29.0,14.8,80.0,8.6,1017.7
2023-01-10,22.8,17.9,31.0,5.0,83.0,7.4,1017.8
2023-01-11,22.6,18.0,31.0,10.4,66.0,8.1,1017.8
2023-01-12,21.6,18.1,28.0,5.4,75.0,7.4,1016.3
2023-01-13,23.7,17.6,34.0,7.0,59.0,7.4,1015.8
2023-01-14,24.1,18.1,32.0,5.6,48.0,6.5,1017.0
2023-01-15,25.2,19.7,33.0,0.4,83.0,11.7,1017.4
2023-01-16,24.3,18.2,33.0,0.0,91.0,14.1,1016.8
2023-01-17,23.9,17.6,32.0,0.0,89.0,15.1,1017.4
2023-01-18,23.7,18.2,32.0,11.1,92.0,13.3,1018.6
2023-01-19,22.4,17.9,29.0,4.5,78.0,10.7,1018.3
2023-01-20,20.9,17.8,30.0,14.3,78.0,9.2,1016.4
2023-01-21,20.0,17.4,24.0,29.1,337.0,10.8,1014.3
2023-01-22,21.9,17.7,29.0,8.5,311.0,9.6,1013.2
2023-01-23,22.3,18.7,28.0,35.6,357.0,8.2,1014.6
2023-01-24,22.0,18.7,29.0,27.3,340.0,8.2,1013.6
2023-01-25,22.3,18.8,31.0,15.3,95.0,8.0,1013.2
2023-01-26,22.6,18.3,29.0,8.7,98.0,13.1,1014.6
2023-01-27,23.1,18.0,30.0,4.5,79.0,11.3,1016.3
2023-01-28,23.4,18.4,32.0,0.7,99.0,10.9,1017.8
2023-01-29,23.8,18.5,32.0,7.4,73.0,11.3,1016.6
2023-01-30,22.8,18.9,30.0,2.5,94.0,10.8,1015.9
2023-01-31,23.7,17.9,33.0,0.0,82.0,11.4,1016.7
2023-02-01,23.6,17.6,31.0,0.0,85.0,12.5,1017.1
2023-02-02,24.1,18.4,31.0,0.0,85.0,10.5,1017.4
2023-02-03,23.2,17.8,29.0,0.0,78.0,10.0,1014.8
2023-02-04,25.7,18.7,33.0,0.0,355.0,10.0,1017.3
2023-02-05,26.4,19.9,34.0,0.2,240.0,8.7,1016.6
2023-02-06,25.2,20.4,32.0,1.9,93.0,8.7,1016.1
2023-02-07,22.9,19.4,31.0,7.8,96.0,10.9,1016.3
2023-02-08,22.6,18.4,30.0,10.3,77.0,9.0,1016.3
2023-02-09,22.3,17.6,29.0,8.7,81.0,10.0,1017.2
2023-02-10,23.6,18.2,31.0,0.3,100.0,9.9,1017.0
2023-02-11,24.8,18.9,33.0,0.2,79.0,11.6,1016.8
2023-02-12,23.6,19.4,31.0,2.7,109.0,13.2,1016.1
2023-02-13,24.7,19.4,33.0,0.4,89.0,8.6,1016.2
2023-02-14,24.9,20.1,32.0,4.1,106.0,9.0,1015.5
2023-02-15,25.0,19.8,32.0,3.4,79.0,8.8,1014.1
2023-02-16,23.6,19.5,31.0,1.7,129.0,6.2,1012.6
2023-02-17,24.7,20.6,32.0,3.1,73.0,10.5,1013.5
2023-02-18,23.8,20.8,30.0,2.5,99.0,10.7,1015.6
2023-02-19,23.7,18.7,31.0,0.8,92.0,15.1,1017.3
2023-02-20,23.2,18.6,31.0,0.7,86.0,14.6,1017.9
2023-02-21,23.7,17.8,30.0,0.9,84.0,14.8,1018.2
2023-02-22,24.2,18.8,31.0,0.7,100.0,12.1,1019.5
2023-02-23,24.3,19.0,30.0,1.5,110.0,9.7,1019.4
2023-02-24,24.3,18.9,31.0,0.2,90.0,10.8,1017.4
2023-02-25,25.2,19.2,32.0,0.0,78.0,12.5,1017.0
2023-02-26,24.9,19.2,32.0,0.0,93.0,13.5,1018.6
2023-02-27,24.8,18.9,32.0,0.0,103.0,14.4,1019.8
2023-02-28,25.0,19.0,32.0,0.0,106.0,13.1,1020.1
2023-03-01,25.1,18.7,32.0,0.0,83.0,13.7,1018.7
2023-03-02,25.1,19.8,33.0,0.2,91.0,11.1,1017.3
2023-03-03,24.9,19.6,31.0,0.3,99.0,13.1,1017.2
2023-03-04,24.7,18.1,32.0,0.0,87.0,12.3,1017.4
2023-03-05,25.6,18.6,33.0,0.0,82.0,8.7,1015.3
2023-03-06,25.4,19.7,33.0,0.0,94.0,11.7,1014.7
2023-03-07,25.2,19.8,31.0,0.0,87.0,14.7,1016.2
2023-03-08,23.3,19.1,31.0,10.2,95.0,13.1,1017.7
2023-03-09,24.2,18.6,30.0,0.0,90.0,13.5,1018.1
2023-03-10,24.9,19.5,31.0,0.1,90.0,14.0,1017.6
2023-03-11,24.2,19.1,30.0,1.6,95.0,10.7,1016.9
2023-03-12,23.8,19.0,31.0,0.4,106.0,10.3,1017.2
2023-03-13,23.2,19.0,30.0,0.9,102.0,12.8,1018.2
2023-03-14,22.8,18.6,29.0,0.2,106.0,13.0,1018.3
2023-03-15,22.9,17.4,31.0,0.1,110.0,13.6,1016.6
2023-03-16,22.7,18.2,29.0,0.2,98.0,12.9,1015.6
2023-03-17,23.5,17.6,30.0,0.0,106.0,12.1,1017.1
2023-03-18,23.8,18.5,31.0,0.6,89.0,12.5,1017.8
2023-03-19,23.7,18.7,32.0,2.3,97.0,11.9,1017.7
2023-03-20,23.2,18.1,28.2,0.0,84.0,10.4,1015.4
